{"cameraMode":{"drawMode":0,"name":"Shaded","section":"Shading Mode"},"sceneLighting":true,"audioPlay":false,"sceneViewState":{"m_AlwaysRefresh":false,"showFog":true,"showSkybox":true,"showFlares":true,"showImageEffects":true,"showParticleSystems":true,"showVisualEffectGraphs":true,"m_FxEnabled":true},"in2DMode":false,"pivot":{"x":4.9896416664123539,"y":-1.2580640316009522,"z":22.234577178955079},"rotation":{"x":-0.07545079290866852,"y":-0.6304450631141663,"z":0.06203671917319298,"w":-0.7703831195831299},"size":8.789116859436036,"orthographic":false}