{"cameraMode":{"drawMode":0,"name":"Shaded","section":"Shading Mode"},"sceneLighting":true,"audioPlay":false,"sceneViewState":{"m_AlwaysRefresh":false,"showFog":true,"showSkybox":true,"showFlares":true,"showImageEffects":true,"showParticleSystems":true,"showVisualEffectGraphs":true,"m_FxEnabled":true},"in2DMode":false,"pivot":{"x":-4.433465003967285,"y":1.6470756530761719,"z":30.08605194091797},"rotation":{"x":0.11435873806476593,"y":0.11964339017868042,"z":-0.010571368969976902,"w":0.9862666130065918},"size":0.28233450651168826,"orthographic":false}