{"cameraMode":{"drawMode":0,"name":"Shaded","section":"Shading Mode"},"sceneLighting":true,"audioPlay":false,"sceneViewState":{"m_AlwaysRefresh":false,"showFog":true,"showSkybox":true,"showFlares":true,"showImageEffects":true,"showParticleSystems":true,"showVisualEffectGraphs":true,"m_FxEnabled":true},"in2DMode":false,"pivot":{"x":-8.406149864196778,"y":0.43297088146209719,"z":-11.621346473693848},"rotation":{"x":0.03576620668172836,"y":0.9640786051750183,"z":-0.1937856674194336,"w":0.17934578657150269},"size":1.386368989944458,"orthographic":false}