{"cameraMode":{"drawMode":0,"name":"Shaded","section":"Shading Mode"},"sceneLighting":true,"audioPlay":false,"sceneViewState":{"m_AlwaysRefresh":false,"showFog":true,"showSkybox":true,"showFlares":true,"showImageEffects":true,"showParticleSystems":true,"showVisualEffectGraphs":true,"m_FxEnabled":true},"in2DMode":false,"pivot":{"x":-3.5756285190582277,"y":1.4913862943649293,"z":30.733381271362306},"rotation":{"x":0.030011005699634553,"y":-0.2547009289264679,"z":-0.011525868438184262,"w":-0.9666182398796082},"size":0.36347100138664248,"orthographic":false}