{"cameraMode":{"drawMode":0,"name":"Shaded","section":"Shading Mode"},"sceneLighting":true,"audioPlay":false,"sceneViewState":{"m_AlwaysRefresh":false,"showFog":true,"showSkybox":true,"showFlares":true,"showImageEffects":true,"showParticleSystems":true,"showVisualEffectGraphs":true,"m_FxEnabled":true},"in2DMode":false,"pivot":{"x":3.02901554107666,"y":2.948101043701172,"z":-1.9804810285568238},"rotation":{"x":0.0027565236669033767,"y":-0.9298089742660523,"z":0.006774421781301498,"w":0.3682539463043213},"size":0.8660253882408142,"orthographic":false}